account,followers,tweets,created_date,bio
metyacom,788839,962,Tue Nov 30 10:46:10 +0000 2021,"Metya is AI-driven web3 dating platform. Over 8,500,000 users meet here monthly. To connect with interesting individuals and explore a wonderful life. #SocialFi"
Friend3AI,293940,1732,Mon Apr 03 04:29:56 +0000 2023,"Launch your AI agents with one click to make friends & profits at https://t.co/6CV718u8Kj | Launchpad, AI Hub & SocialFi Marketplace | $F3 🤖️👷‍♂️👩‍🍳

💬 https://t.co/pc4mcBuBsV"
PiNetwork_35,256250,2175,Thu Mar 24 10:52:13 +0000 2022,"Pi Network is first degital mobile mining app. 4L3D9YX3
join Telegram Channel: https://t.co/75NDkcZ1Qo
#PiNetwork #SocialFi #Nfts #Defi"
PulseSocialFi,207802,983,Thu May 30 04:56:13 +0000 2024,"💎 Your gateway to #EarlyGems—anytime, anywhere. 🔍
🕵️‍♂️ Trade smarter, not harder! 🦖 #SocialFi"
_s_l_a_t_e_,201094,3390,Wed Dec 25 09:56:29 +0000 2013,Building a new #SocialFi platform since 2018 🚀 $SSLX to be listed at major #crypto exchanges soon 💎 Join us ⬇️
SoMon_OwO,171266,584,Fri Mar 15 04:31:05 +0000 2024,"#SocialFi Web3 Forum App built on @Base.
Powered by $OwO & @OpenSocialASI 🟢

📲 Available on iOS, Android!
Dune dashboard: https://t.co/vib24KQoOD"
GameCelt,123254,996,Thu Jan 18 04:59:25 +0000 2018,"#Celestial #Metaverse, Blockchain world first #Gamefi+#Socialfi+#Nftswap.  
Telegram:https://t.co/wlSLc5u9zL
Discord: celestial-metaverse
Game Demo link：https://t.co/ilaRj1Bd3R"
dyorexchange,103282,3054,Mon Apr 04 09:28:59 +0000 2022,"$DYOR Empowering DeFi with AI. SocialFi Investing with AI-curated token feeds. 
App available on iOS & Android. https://t.co/HTDNAD9gQY"
influpia,91558,243,Thu Jan 18 05:43:42 +0000 2024,🌐 Explore #MerlinChain #Bitlayer with the first fair launch #ERC404 on-MultiChain #SocialFi platform.  Transform your social influence into tangible rewards.
Gamiumcorp,88178,3483,Mon Sep 20 19:01:55 +0000 2021,"The Metaverse & SocialFi Platform on #BNB

⚡ Powered by $GMM |"
KAYEN_Protocol,81377,391,Sun Nov 26 13:29:26 +0000 2023,"🏟️ #RWA Ecosystem for #SocialFi and #SportFi
🌶️ Officially Powered by @Chiliz
👾 https://t.co/xGASUyUgTI
💬 https://t.co/YA04gb6u3K"
deesse_dao,70504,1393,Thu Nov 18 04:38:15 +0000 2021,"🌈Déesse NFT, AI & Amazon KDP Books SAGA
❤️Token $LOVE👉Huobi & Bitmart
📌#SocialFi
📌#NFTart
📌#AmazonBooks
📌#ChangeTheWorld
🍄All Details & info LINKTREE👇🏻"
facedaoio,67064,558,Fri Feb 18 01:30:21 +0000 2022,Finance As Community Entertainment DAO. Join FaceDAO to Earn $FACE. Android/IOS :https://t.co/PVxmITSHuf TG: https://t.co/pSRjP2BODp | #SocialFi #DAO #Meme
Envo_Official,65765,321,Tue Jul 11 09:13:35 +0000 2023,A Web3.0-Social platform empowering users to generate value #Web3 #SocialFi
GenZee_live,60091,20,Tue Nov 30 17:00:48 +0000 2021,Genzee – The Next-Gen SocialFi Platform. Connect • Engage • Play • Earn 〽️| $GenZ 🟨
xninja_tech,56078,320,Sun Dec 31 15:19:01 +0000 2023,"The 1st GameFi & SocialFi 2.0 built on @Injective $INJ $XNJ $ELEM 🥷 https://t.co/H3gIvss0QD ⚔
https://t.co/p8W00yHQyT 📃"
NewCoinListings,55917,766,Tue Apr 17 12:05:14 +0000 2018,#NewCoin Listing #Binance #BNB #Bitcoin #BTC #Doge | DYOR | #ETH #DAO #GameFi #DeFi #NFT #SocialFi #Web3 #Metaverse #Crypto #Fantoken #Oracle #Altcoin #Adoption
floyxcom,54590,3479,Sun Jul 08 13:21:05 +0000 2018,"Decentralized social media | Censorship-free & secure | #Web3SocialMedia
📲 Android & iOS apps | https://t.co/9RuCu4GwmK
Start monetizing your creativity | #SocialFi"
gemsgg_official,48865,1509,Fri Dec 03 08:39:52 +0000 2021,"GEMS ESPORTS 3.0 PLATFORM is the World’s 1st Esports Gaming platform powered by blockchain.
#GAMEFI #ESPORTS #METAVERSE #SOCIALFI"
trendhub_one,47432,37811,Tue Jun 26 19:07:12 +0000 2018,"🚀 The #1 Social Collaboration Network | AI-powered Hubs, gamified decision-making & Web3 insights | Earn CRED for trends | #SocialFi #AI #Web3 #Gamification"
Bluemoon_io,42907,1252,Fri Sep 17 17:53:09 +0000 2021,"Your portal to SocialFi, GameFi & the Metaverse. Collect NFTs, Earn Rewards, Build your Metaverse 🚀 #GameFi #SocialFi #Metaverse https://t.co/m8VFFAICp9"
pluschain41213,41694,510,Sun May 05 04:07:10 +0000 2024,"ShowPlus Chain 2.0® | The Token driving the Show+® ecosystem, bridging digital innovation with real-world utility. | #SHC2 | #SocialFi"
aZen_Dao,39518,727,Sun Jul 02 05:59:23 +0000 2023,"aZen |
AI-Powered |
🤝 Community Driven |
💸 Turn Your Everyday Social Media Activity into Digital AI Marketing Force 
#Gamefi #Socialfi #Web3 #Dao"
torum_official,38781,4794,Tue Aug 13 06:30:38 +0000 2019,$XTM #SocialFi | Bring Your NFT to Life. Your NFT is more than just a JPEG. Backed by @HTX_Global & @kucoincom. 🔥 Waitlist is now live 🔥
farmroll_io,38109,5418,Mon Apr 29 17:57:18 +0000 2024,"AI Agent Launchpad and Questing platform boosting SocialFI and on-chain growth with gamified quests, rewards, and RWA!
Powered by $ROLL"
MoonFitOfficial,36922,2623,Tue May 31 02:13:59 +0000 2022,"The #1 Cross-chain Social Fitness App 👟 #SocialFi #Web3Fitness 

Available on iOS & Android, Apple Watch Integration 

 Download MoonFit App: https://t.co/pYhY0r7FSU"
btcw_tech,32955,13,Thu May 19 06:53:00 +0000 2022,"♟️GET RICH YOUR SOCIAL 

$BTCW : 0x16F4745ADda9Bc3765d7141b5d897797b01EBb40
$BTCD: 0xe7b422E6365b63577dD66dF7e52B634E1CC60D68"
rogerg8001,23252,847,Sun Oct 26 07:58:33 +0000 2014,Building @gotransfermole to turn social media usernames into global payment addresses. Always caffeinated. ☕️ #BTC #SocialFi
PixieApp,22731,718,Wed Aug 25 01:59:57 +0000 2021,"Pixie is THE WORLD’S FIRST FULLY FUNCTIONAL #crypto-based photo and video sharing social network in #Web3 with #SocialFi

Links: https://t.co/NBz5CFdw9z"
SaTT_Token,22710,3041,Thu Apr 05 06:57:48 +0000 2018,"SaTT dApp allows anyone to earn crypto with social media.
Get ready to #Post2Earn, the #SocialFi revolution. 
#dApp #Web3 #Blockchain"
DeSui_io,21376,504,Fri Mar 03 10:21:21 +0000 2023,"Unlock the Power of Web3 with the Simplicity of Web2!  | All in One

 #Multichain, #SocialFI, #GameFI, #Launchpad. 

Check us out at 🌐 https://t.co/XZwzVnu4RC 🚀"
PortlSocialFi,18122,140,Thu Jul 27 01:48:33 +0000 2017,"AI-driven SocialFi app, with native token $PASS. Beta app live on app stores, token launching Q1, 2025. #SocialFi #AI"
multiverse_play,17924,400,Sun Sep 26 09:24:11 +0000 2021,"Building A Decentralized Intelligent Web3 X-To-Earn Scheduling & Asset Management Platform, based on #Guilds & #DeFi & #SocialFi & #ContentFi."
crbnio,15685,2290,Wed Jun 03 09:00:09 +0000 2020,"$CARBON
Social • Crypto • Gaming #SocialFi #GameFi 
https://t.co/fN5dwctVd4
Telegram: https://t.co/JhX3I6JDov"
SpaceMworld,15039,484,Fri Feb 16 21:12:04 +0000 2024,"#SocialFi & Gaming ecosystem on #avax where NFT Nodes generate daily $SPACEM tokens

TG: https://t.co/bWUZlXEf8I
#VIP : https://t.co/dIvLn8bcx0"
ApolloFi1,14864,690,Wed May 05 06:02:32 +0000 2021,"ApolloFi is the decentralized socializing network built on #Polygon #Ethereum #BSC 
Discord: https://t.co/rx6tG95wwV
#SocialFi #omnichain #web3"
RuBaRu_app,14529,1519,Thu Feb 17 08:47:29 +0000 2022,"Building Fully OnChain Content Creator-Consumer Economy! 
Shared success builds wealth! Crafted in 🇮🇳  connecting the🌎!
 @Dfinity Grantee. #Web3 #SocialFi"
DeCapital_DCT,11074,209,Fri Apr 12 05:33:15 +0000 2024,"The world's first community-driven, DAO-governed modern digital venture capital platform.The ecosystem covers #Metaverse, #NFT, #GameFi, #DeFi, and #SocialFi."
blablagroups,10400,183,Tue Jul 23 18:45:44 +0000 2024,SocialFi Meets Short Videos — Your Social Experience Redefined In Solana! Just $BLABLA it 📺📲 https://t.co/ylICUzvc8j
BitStarters_com,10125,868,Fri Mar 31 14:23:26 +0000 2023,"Decentralized Multichain #Launchpad - Discover and gain early access to new promising #web3 projects in #GameFi , #AI & #SocialFi. $BITS 🚀"
NocenaApp,10122,22,Thu Jun 27 12:58:45 +0000 2024,Crypto powered social network to help creators profit from their content #SocialFi #Solana #ChallengeToEarn
funs_ai,10118,592,Tue Sep 12 13:40:06 +0000 2023,"Funs AI integrates #blockchain and #AI to build an ecosystem combining social economy, digital asset trading, and e-commerce.  #SocialFi #Base #STO #FunDukes"
XYBAGAME,9962,127,Mon Mar 13 14:19:43 +0000 2023,"🎮 Play together, Party together. 
🍕 The first #Arbitrum #SocialFi arcade, introducing a new wave of SocialFi.

👾 https://t.co/bGnHQ9bvPA"
AU79Ventures,9057,245,Wed Jan 27 21:30:40 +0000 2010,"🌊Esearch-driven Blockchain investment   #Gamefi and #Socialfi Unicorn institutions💰
Immersive value investing,
#AXS #MATIC #APE
 #AVAX  #MANA #SAND #REQ"
openchaty,8756,93,Tue Aug 01 02:52:55 +0000 2023,"We're building on #Blast_L2 #socialfi
Openchaty is a project on the Blast L2 blockchain where creators share content and interact with users in creative spaces."
MonsterLord2024,7727,122,Sat Jul 27 14:30:18 +0000 2024,"An innovative web3 trendy toy social platform.
We lead in #SocialFi and #P2E | redefining #GameFi. 
https://t.co/iGInfocIXX  
https://t.co/4ZPSskD6SF"
xtask_xyz,7296,237,Tue Apr 02 07:31:34 +0000 2024,"Turn your social media activity into something more - a potential source of income and a springboard into the future of technology.

#XTask $XTASK"
erc_quest,7098,160,Wed Oct 18 14:12:53 +0000 2023,"🪙 The first cross-chain SocialFi project on the $SOL and $ETH network

🏴‍☠️ Start your $QUEST today:"
futtrillionaire,6916,12011,Mon Oct 15 18:13:51 +0000 2012,"Early #Bitcoin Investor / Entrepreneur. - Founder - @globalcoinxyz, @Blockfinexyz and (stealth) Decentralized Social - Web3 - SocialFI Pioneer $BERA #SUI #MOVE"
xQuest_tech,6884,78,Sun Sep 19 18:51:27 +0000 2021,"Free2Play #SocialFi PvPvE game.
Crafted with ❤️ by @L3GITSTUDIOS

Earn rewards by completing quests on Twitter!
Join us 🎮 https://t.co/rIl14wINmX"
HooCrypto,6389,16576,Fri Apr 24 01:56:46 +0000 2015,DevRel @TalentProtocol || building $BUILD || SocialFi || Systems Engineering || onchain
gemgemcrypto,6386,2291,Thu May 20 08:26:44 +0000 2021,🚀 A crypto YouTuber covering cold wallets review and projects analysis #SocialFi @Purse_Land $PURSE
wilsonye_2011,5752,854,Sun Oct 23 20:12:50 +0000 2011,#CyberSecurity #Blockchain #AI #SocialFi | Project Manager | DM is open 💌
cryptokelt,5328,5262,Mon Jul 05 16:57:43 +0000 2021,Crypto generation guy | AVAX Maxi | NFTs enjoyer | #SocialFi is the future | $ARENA 🔺Nochillio.
SocialFiNetwork,5232,36,Fri Oct 15 07:56:25 +0000 2021,The First Social Trading Aggregator + Trading Guild with Social Network on #Web3. SocialFi/DeFi/NFT/GameFi to Earn. We define #SocialFi Trading.
BlueV1007,4916,3902,Wed Jan 04 09:34:51 +0000 2012,Invest+Incubator @K24Ventures Contributor @avatar_dao #cryptocurrency #web3 #SocialFi #DAO #GameFi
tgtwtf,4779,752,Sun May 22 06:05:07 +0000 2022,"A #web3 Community Powered Economy Platform |  https://t.co/cKgzGsuBYm
#togethertoken #Socialfi #GlobalMembership #TogetherWeGrow"
IMonster_Gamefi,4297,321,Fri Dec 29 09:10:42 +0000 2023,"Your reliable option! | We lead in #SocialFi and #P2E | redefining #GameFi. We're dedicated to trendy gameplay and transparency.
DM For Collab , Partnership"
KeySeaXyz,3663,537,Wed Sep 20 11:52:36 +0000 2023,"Building on @LineaBuild, the next-gen #KeysTrading for Social Profiles. Join us!
Currently in BETA. #SocialFi
Mother of @TIDEStoken"
Cryptoo_current,3510,10299,Thu Jan 31 22:14:59 +0000 2013,#NFT Collector | #Socialfi l Ordinals l Memecoin
K24Ventures,2661,330,Sun Apr 11 08:31:17 +0000 2021,"Cryptographic digital investment institutions. #web3.0 #Gamefi #Socialfi #NFT #DeFi #zk 
Welcome to send deck. 
DM：bp@k24.fund"
0xDogeber,2526,112,Tue Apr 12 15:14:09 +0000 2022,"Generating financial innovation in interactive behavior #SocialFi 
TG: https://t.co/hrL34EBMuI…
Discord: https://t.co/KaCsj4sVDZ…"
Maese_Corneta,2376,16077,Tue Dec 27 15:40:52 +0000 2011,"Social Media Manager 👩🏽‍🔧 & Community Dynamo ⚡ |
@Gamiumcorp, The #Metaverse & #SocialFi Platform $GMM |
@Diditprotocol, The Internet Identity Layer"
TrendX_pro,2033,2200,Mon Mar 06 23:24:00 +0000 2023,"$TRENDX Utility token that pays you in ETH for holding! Holders get trade signals, 100% revenue & profit sharing, social fi and more! https://t.co/6C0hBGwVDx"
TheBarkingGame,1894,3922,Thu Mar 07 02:06:56 +0000 2024,"Ahoy matey! Cptn Jack and the Barkaneers welcome u to The Barking Game; a SocialFi game on Hedera rewarding builders, creators and community $hbark 0.0.5022567"
GemGameFi,1681,37,Sat Nov 23 06:43:02 +0000 2013,"$GEM 💎: GameFi & SocialFi using the first Legacy ERC404 on Avalanche 
Chinese TG : https://t.co/8ipVVbYTqx
English TG :  https://t.co/KOYPiiATcB"
Socialfi02,1634,0,Wed Jul 26 12:02:43 +0000 2023,"$DUKO is Elon's cutest pet on Solana, according to Grok AI. Token Address: HLptm5e6rTgh4EKgDpYFrnRHbjpkMyVdEeREEa2G7rf9   851933"
StarsLeague,1445,40,Tue Nov 02 10:21:16 +0000 2010,"#SocialFi - Buy, Sell & Trade Access to your favorite creators, athletes & artists! Collect the $STARS, compete for rewards!"
Friend3AI_Agent,1408,27,Fri Mar 15 21:17:25 +0000 2024,"The 1st Social AI Agent built on @Friend3AI - Use AI to make SocialFi great again.

$FAIA CA: 4SUCXv3bb51gSNG2dEdruX7xucNXNcsJR7ZByDjRuTRs"
mycryptoplygrnd,1190,2959,Sun Dec 26 20:02:09 +0000 2021,Im Don. SMB Owner. Crypto Enthusiast. Wife+4 kids+6 cats+3 dogs. #DeFi • #DePIN • $SGB • $FLR • $HBAR • $CSPR • $JKL • $AXV • $XRP • $XLM #SocialFi
DexChatSOL,1142,55,Wed Nov 27 09:54:21 +0000 2024,"Voice chat with others viewing the same token across multiple dex platforms! Proximity chat is here to change the game. #socialFi
Tg: https://t.co/sjwLCxl5Gp"
voxynetwork,1088,0,Tue Jul 10 07:28:08 +0000 2012,"#Voxy Network - The First Decentralized Social Platform that rewards both, the creators and the fans. Join now and start earning!
$VOXY"
zharkov_crypto,1064,469,Sun Dec 01 22:29:18 +0000 2013,Building @alphador_ai. Best #socialfi bots.  Software developer and crypto analyst from Ukraine. Owner of youtube and telegram communities with 6k+ people.
LongSocialFi,1058,1555,Wed Apr 15 10:00:45 +0000 2015,Cập nhật tin tức và chiến lượt đầu tư mới nhất về #SocialFi #Web3 #Airdrops #CryptoNews #BTC                                  🔥 https://t.co/uDfZq84SHv🔥
wannabotbet,926,264,Sun Jul 03 20:43:29 +0000 2022,"Revolutionizing Social Engagement!

Powered by $WANNA | #SocialFi"
DMGsocialFI,893,46,Sun May 20 16:55:24 +0000 2018,"$DMG is led by DMGGF, a Canadian cryptocurrency company, and a number of venture capital institutions are following in the one-stop aggregation platform #Web3"
idiosyncratic1_,875,4134,Mon Jun 01 12:32:59 +0000 2015,"Content Manager @inleoio

https://t.co/KhfcKpF3Q2

#DeFi / #GameFi / #SocialFi Enthusiast"
0xCryptoMike,814,37,Tue Jun 30 02:36:12 +0000 2015,Pop #SocialFi #Web3 #Wagmi #NFT https://t.co/SNOAqKzJPN
xfish_FI,500,59,Thu May 31 20:18:54 +0000 2018,"#XFish combines #GameFi and #SocialFi
Play & Tweet To Earn model allows players to entertain, connect and earn - all within the immersive world of XFish."
Socialfi_SS,496,515,Sun Nov 27 05:32:55 +0000 2022,"🔥 Discover all things about #SocialFi movement.
🪩 Here are the latest news, featured projects, and analytics about #SocialFi.

🤝 DM: https://t.co/ZXgWQZXCgK"
